userId,city,post_code,job,downloads,contract_months
1,Lawsonview,09820,Learning mentor,9164,40
2,Sandrafurt,46742,Diagnostic radiographer,7331,58
3,Lake Brettfort,36388,Comptroller,7287,43
4,New Jeffreyhaven,08294,"Psychotherapist, child",10176,60
5,Port Ryanside,46511,Tree surgeon,12032,47
6,North Jonathan,52143,Artist,9100,38
7,East Derekborough,09790,Radio broadcast assistant,13778,17
8,Port Gina,06043,Radio broadcast assistant,13778,39
9,Crystalshire,18454,Art therapist,7551,59
10,Frostchester,85374,Artist,9100,25
11,Port Cindy,14393,Diagnostic radiographer,8721,58
12,Annaland,92337,Music therapist,11371,57
13,Kevintown,34915,Hotel manager,11353,29
14,Romeroside,54581,Music therapist,9316,41
15,Port Rodneyton,04805,Games developer,8697,56
16,North Heatherton,54226,Comptroller,9091,54
17,Port Scott,85053,Food technologist,7542,59
18,Karenbury,63983,Training and development officer,12902,60
19,Port Gina,34762,Games developer,9256,59
20,Meganfurt,37731,General practice doctor,8812,57
21,Phillipfort,11732,Health promotion specialist,10134,58
22,East Ryanmouth,00509,Press sub,10623,60
23,Jeffburgh,26958,Games developer,9134,55
24,Tranhaven,08408,Higher education careers adviser,9176,11
25,South Jeffery,95612,Graphic designer,9185,58
26,North Heatherton,91294,Fitness centre manager,10183,54
27,Thomasshire,75805,"Psychologist, counselling",10213,59
28,New Tiffany,45383,"Horticulturist, commercial",9421,31
29,Kevintown,92544,Hotel manager,7542,60
30,Kimberlyberg,55927,Building services engineer,8027,42
31,New Austin,27389,Editorial assistant,7277,58
32,New Austin,76016,Building services engineer,6945,49
33,North Angela,93905,Translator,13658,51
34,Port Ryanside,46511,Fish farm manager,8824,44
35,Feliciaton,57410,Freight forwarder,9203,57
36,North Heatherton,08011,Health and safety inspector,8812,56
37,Karenbury,56952,Cabin crew,8800,58
38,Lake Lauramouth,28754,Insurance account manager,7539,35
39,Karenbury,44960,Diagnostic radiographer,7454,60
40,Fuentesstad,13923,Games developer,9531,59
41,Coxhaven,83037,Chief Technology Officer,7451,56
42,East Dwayne,44597,Health and safety inspector,8812,5
43,West Edwardberg,36163,"Scientist, clinical (histocompatibility and immunogenetics)",10165,59
44,North Vickie,03125,Systems developer,10644,23
45,Phillipfort,84089,Fashion designer,10861,26
46,Xaviertown,26978,"Chemist, analytical",7266,53
47,West Robertchester,95821,Games developer,10861,21
48,Annaland,53046,Fish farm manager,9176,48
49,Tranhaven,07709,Insurance account manager,11350,26
50,New Jessicaview,27236,Horticultural therapist,10201,57
51,Jeffburgh,94915,"Engineer, mining",9173,43
52,North Jennifer,68084,Materials engineer,8800,37
53,Meganfurt,72562,Building services engineer,9316,55
54,Ericahaven,62817,"Engineer, mining",9295,44
55,Meganfurt,93903,Diagnostic radiographer,9176,13
56,East Matthew,20311,"Engineer, mining",9191,51
57,East Adrian,67639,"Scientist, clinical (histocompatibility and immunogenetics)",11439,59
58,Lawsonview,55283,Games developer,10792,45
59,Annaland,39049,Games developer,9152,58
60,South Jeffery,04037,Fish farm manager,10183,47
61,West Edwardberg,69447,"Scientist, water quality",13630,42
62,Port Steven,18159,Hotel manager,10201,49
63,Raymondland,10283,"Therapist, music",13768,53
64,Barbaraberg,71910,Hotel manager,10164,15
65,Youngport,33212,Counselling psychologist,8739,45
66,North Christinahaven,00567,Applications developer,7475,42
67,Annaland,68942,"Engineer, mining",9418,32
68,Lake Lauramouth,67318,Games developer,7307,31
69,Port Rodneyton,73948,Games developer,9152,49
70,New Anthonyberg,53539,Games developer,7307,58
71,Hughesmouth,21483,"Psychotherapist, child",13661,54
72,Barbaraberg,56896,Charity officer,9277,52
73,Port Ryanside,57088,"Accountant, chartered certified",8703,52
74,Port Steven,22607,Games developer,10572,52
75,Hughesmouth,83479,Technical author,10171,59
76,Collinshaven,31191,Housing manager/officer,9194,54
77,Annaland,35435,"Engineer, mining",10611,42
78,Collinshaven,93176,Hotel manager,11370,60
79,Hernandezport,84963,Water quality scientist,14184,53
80,Port Steven,60122,"Horticulturist, commercial",9194,49
81,Meganfurt,72562,Games developer,10122,16
82,East Ryanmouth,88560,Dentist,7293,60
83,South Susanport,87879,"Chemist, analytical",7988,59
84,Kevintown,30546,Graphic designer,9430,56
85,Lake Brettfort,96232,Games developer,8352,57
86,Port Steven,18159,Charity officer,9277,27
87,New Austin,06308,Careers information officer,9152,57
88,Karenbury,74854,Charity officer,7988,60
89,Ericbury,44586,Comptroller,7323,27
90,North Heatherton,53297,"Engineer, technical sales",9570,40
91,East Adrian,19802,"Scientist, water quality",13753,56
92,Tranhaven,39423,Product manager,13658,35
93,Laurastad,09910,Materials engineer,11328,53
94,Aguirretown,60486,Learning mentor,9268,32
95,Port Ryanside,46511,Translator,14793,59
96,Youngport,80769,Water quality scientist,11981,59
97,Crystalshire,76320,Diagnostic radiographer,10596,25
98,South Rogershire,81352,"Engineer, mining",8839,60
99,Port Ryanside,10299,Water quality scientist,11328,41
100,South Craigview,19387,Fashion designer,9049,58
101,North Heatherton,08011,"Psychotherapist, child",12905,45
102,West Edwardberg,69447,"Engineer, land",10161,21
103,New Jessicaview,12007,Medical illustrator,8812,53
104,South Susanport,05575,Learning mentor,11340,60
105,Ericahaven,18802,"Chemist, analytical",7521,60
106,Karenbury,44695,Games developer,10159,53
107,East Juan,89971,Food technologist,9421,55
108,East Derekborough,23120,"Administrator, charities/voluntary organisations",9161,54
109,Frostchester,24457,Horticultural therapist,10903,44
110,Xaviertown,70390,Cabin crew,8697,59
111,New Austin,96405,Diagnostic radiographer,9403,55
112,Meganfurt,37731,Medical illustrator,10873,23
113,New Jessicaview,54207,Games developer,9134,48
114,Barbaraberg,18963,Arts development officer,8403,56
115,Kevintown,92544,Learning mentor,8709,45
116,Jeffburgh,71954,Water quality scientist,11328,31
117,Lake Lauramouth,16014,Market researcher,10122,17
118,New Tiffany,82155,Learning mentor,10804,46
119,New Jenniferbury,02732,Radio broadcast assistant,9379,55
120,Karenbury,74854,Translator,13658,48
121,East Courtney,54711,Estate agent,8854,54
122,North Heatherton,21404,Technical author,12863,39
123,North Jennifer,42430,"Scientist, water quality",11317,47
124,Port Cindy,22723,Soil scientist,14784,50
125,Karenbury,25468,Chemical engineer,9277,33
126,Tranhaven,86917,"Engineer, land",9191,52
127,Port Steven,13280,Diagnostic radiographer,9555,34
128,Jessicachester,40360,"Engineer, mining",7320,29
129,Annaland,39049,"Engineer, mining",8630,27
130,Coxhaven,99218,Charity officer,9155,56
131,Port Cindy,14393,Insurance account manager,10611,42
132,Meganfurt,93903,"Administrator, charities/voluntary organisations",7277,35
133,Xaviertown,31621,Comptroller,9194,58
134,Lopezland,22645,Charity officer,7451,33
135,Ericahaven,50791,Dentist,9543,56
136,Donaldside,98402,Training and development officer,13829,60
137,South Kimberlychester,27088,"Conservation officer, nature",9176,51
138,East Kimberly,42667,"Engineer, petroleum",10161,33
139,South Jamesville,81305,"Conservation officer, nature",8739,40
140,Lake Lauramouth,30266,Games developer,8697,60
141,West Lindamouth,51299,Comptroller,7225,53
142,North Heatherton,91294,"Scientist, clinical (histocompatibility and immunogenetics)",14190,51
143,New Tiffany,61790,"Engineer, mining",9173,59
144,South Brittany,26636,Mental health nurse,13619,35
145,Murraymouth,54485,Dentist,7319,60
146,Lawsonview,55283,"Engineer, mining",10161,56
147,Juanland,73736,Building services engineer,8651,37
148,East Christopher,08859,"Engineer, petroleum",7307,50
149,North Hannahstad,14770,"Surveyor, quantity",14244,40
150,Meganfurt,95293,"Scientist, water quality",11417,5
151,New Jessicaview,07831,"Engineer, mining",7320,47
152,Hughesmouth,23526,Learning mentor,10804,41
153,Youngport,33212,"Scientist, clinical (histocompatibility and immunogenetics)",10578,55
154,Collinshaven,08644,Hotel manager,10164,54
155,Kimberlyberg,97810,Building services engineer,9212,60
156,Hughesmouth,52247,Charity officer,9552,42
157,Collinshaven,81861,"Scientist, clinical (histocompatibility and immunogenetics)",9385,58
158,West Edwardberg,34045,Location manager,9573,4
159,South Craigview,08734,Hotel manager,10903,54
160,North Heatherton,14103,Building services engineer,9439,49
161,East Kennethview,86903,Dentist,10584,49
162,Murraymouth,60168,"Engineer, land",9173,39
163,Karenbury,44695,Water quality scientist,12851,59
164,North Heatherton,14103,"Psychotherapist, child",13661,34
165,Port Rodneyton,04805,Exhibition designer,8036,39
166,Meganfurt,94567,Clothing/textile technologist,7463,57
167,Port Steven,60122,Radio broadcast assistant,10792,47
168,Port Cindy,25280,Research scientist (medical),14196,60
169,Murraymouth,74847,Games developer,8697,48
170,South Craigview,70998,Research scientist (medical),13759,58
171,Hughesmouth,23526,Diagnostic radiographer,7524,42
172,West Heidi,49746,Estate agent,9188,57
173,Port Rodneyton,70570,Cabin crew,7430,52
174,North Richardfurt,20197,Materials engineer,13607,23
175,Jeffreyport,09053,Charity officer,8612,50
176,East Juan,84695,Counselling psychologist,9298,50
177,East Brittneyhaven,90411,"Engineer, land",9295,41
178,Crystalshire,18454,Counselling psychologist,9194,17
179,Romeroside,12898,"Psychotherapist, child",9188,59
180,Rosehaven,76376,"Horticulturist, commercial",9421,46
181,East Christopher,08859,Comptroller,8739,3
182,Laurastad,48358,"Scientist, clinical (histocompatibility and immunogenetics)",14748,42
183,Annaland,14259,Building services engineer,7490,60
184,New Jessicaview,98628,Tree surgeon,12902,59
185,Kevintown,26549,Materials engineer,10159,59
186,Jeffburgh,07865,"Conservation officer, nature",7323,57
187,Lake Brettfort,33056,Games developer,7430,37
188,Jaymouth,50116,Horticultural therapist,10201,18
189,North Heatherton,53297,"Journalist, broadcasting",9176,54
190,North Jennifer,42430,Charity officer,8612,42
191,Xaviertown,26978,"Engineer, mining",7307,34
192,Port Gina,04186,"Chemist, analytical",9173,42
193,East Ryanmouth,17418,Counselling psychologist,7542,54
194,Donaldside,51014,Games developer,7430,8
195,Port Robertmouth,12606,Arts development officer,7234,30
196,South Jeffery,27941,Comptroller,7225,36
197,Tranhaven,39788,"Programme researcher, broadcasting/film/video",10843,42
198,Raymondland,87769,Technical author,14196,24
199,Meganfurt,64547,Building services engineer,9316,57
200,North Heatherton,34549,Food technologist,9421,27
201,Port Cindy,94233,"Psychotherapist, child",13832,51
202,Kevintown,32095,"Therapist, music",13768,58
203,Annaland,14259,Technical author,11340,55
204,South Craigview,08734,Food technologist,7323,10
205,Port Ryanside,62163,"Engineer, mining",10611,51
206,Ericahaven,95587,Ship broker,12872,54
207,Karenbury,49638,Editorial assistant,9058,11
208,North Richardfurt,24707,"Scientist, clinical (histocompatibility and immunogenetics)",10128,47
209,North Vickie,15754,Horticultural therapist,8009,35
210,East Derekborough,23283,Research scientist (medical),11323,52
211,East Dwayne,90642,"Horticulturist, commercial",7542,22
212,Murraymouth,27757,"Scientist, water quality",11334,29
213,Karenbury,56952,Nature conservation officer,12851,57
214,South Jamesville,89338,"Surveyor, minerals",9439,56
215,East Matthew,22238,Counselling psychologist,10201,60
216,Murraymouth,72764,Games developer,8352,45
217,North Jennifer,89223,Cabin crew,7307,55
218,Lawsonview,55283,Games developer,8800,60
219,Kimberlyberg,76927,Tree surgeon,15014,56
220,Meganfurt,64547,Radio broadcast assistant,10122,60
221,Fuentesstad,23296,"Engineer, mining",10831,54
222,Port Cindy,94233,Food technologist,9194,40
223,East Ryanmouth,28561,Press sub,11379,60
224,Port Robertmouth,25440,"Engineer, mining",8839,59
225,Rosehaven,13668,Psychiatric nurse,9206,18
226,Karenbury,72428,"Scientist, clinical (histocompatibility and immunogenetics)",11334,59
227,Karenbury,44960,Nature conservation officer,10861,44
228,Donaldside,18715,Health and safety inspector,9164,42
229,Kevintown,30546,Games developer,10122,56
230,West Edwardberg,97561,"Scientist, water quality",10578,30
231,New Jessicaview,61577,"Horticulturist, commercial",9298,51
232,Port Robertmouth,95688,Medical illustrator,11340,45
233,South Craigview,04076,Learning mentor,10134,56
234,Meganfurt,37731,Translator,10912,52
235,Fuentesstad,13923,Applications developer,9576,39
236,North Heatherton,18740,Hotel manager,9176,57
237,New Austin,59551,Press sub,11362,53
238,Barbaraberg,71910,Psychiatric nurse,9433,28
239,Donaldside,98402,Television production assistant,12863,15
240,Karenbury,44695,Games developer,11311,23
241,West Edwardberg,97561,Charity officer,7328,59
242,South Jamesville,22697,Dentist,9268,52
243,West Edwardberg,97561,Learning mentor,9268,54
244,East Derekborough,03875,Games developer,8352,26
245,Kevintown,30546,Artist,7296,53
246,Fuentesstad,88048,"Conservation officer, nature",9573,24
247,Ingramhaven,84678,Banker,7245,48
248,Meganfurt,95293,Chemical engineer,10143,41
249,Romeroside,12898,Learning mentor,10584,51
250,Laurastad,79888,Careers information officer,7967,59
251,New Tiffany,82155,Comptroller,9298,4
252,Lake Brettfort,96010,"Engineer, mining",9173,56
253,Jeffburgh,47273,Insurance account manager,8736,29
254,North Jennifer,11491,"Conservation officer, nature",10201,42
255,South Rogershire,46509,"Engineer, mining",9295,17
256,Karenbury,44960,Hotel manager,8633,19
257,North Willie,32887,Nutritional therapist,10219,38
258,Port Cindy,86401,Fish farm manager,8376,45
259,East Derekborough,23553,"Engineer, technical sales",7539,49
260,Ryanburgh,42551,Cabin crew,10122,50
261,Ingramhaven,84586,Freight forwarder,9100,52
262,Juanland,61803,Water quality scientist,14672,10
263,South Jacobborough,42049,"Engineer, mining",9191,23
264,Kevintown,34915,Tree surgeon,12902,56
265,Coxhaven,78291,Soil scientist,10614,60
266,North Heatherton,08011,"Engineer, mining",9295,25
267,Karenbury,72428,Charity officer,10143,54
268,Johnsonport,17085,Comptroller,7349,48
269,Meganfurt,37731,Food technologist,8633,6
270,Murraymouth,27757,"Psychotherapist, child",10176,55
271,New Austin,74931,Hotel manager,9194,52
272,New Jessicaview,61577,Ranger/warden,10861,58
273,Donaldside,21802,Horticultural therapist,9194,9
274,North Heatherton,21404,Applications developer,8742,12
275,Port Steven,18159,Naval architect,9379,23
276,Raymondland,24152,Learning mentor,9146,49
277,Port Ryanside,89007,"Engineer, mining",8391,56
278,North Richardfurt,13617,"Engineer, technical sales",10611,59
279,Ericbury,46339,Hotel manager,8394,60
280,Port Steven,13280,Applications developer,8742,30
281,Ericahaven,62817,Ship broker,10882,7
282,Cynthiatown,52374,Building services engineer,8651,55
283,South Kimberlychester,76917,Hotel manager,10614,11
284,Johnsonport,47733,"Scientist, water quality",10578,53
285,Jeffburgh,40008,Charity officer,8373,43
286,Baileyfurt,38949,Water quality scientist,13607,40
287,East Kennethview,41514,"Scientist, clinical (histocompatibility and immunogenetics)",11987,56
288,Annaland,47567,Building services engineer,7328,27
289,West Edwardberg,85556,Research scientist (medical),10873,49
290,Ericbury,46339,Art therapist,7551,53
291,Lake Lauramouth,91518,"Horticulturist, commercial",11353,56
292,Port Steven,95363,Applications developer,8012,9
293,South Jeffery,04037,Market researcher,12851,60
294,North Regina,17631,Building surveyor,8757,55
295,New Austin,74931,Editorial assistant,8361,58
296,East Ryanmouth,17418,"Engineer, technical sales",8391,43
297,Lake Hollybury,23242,"Scientist, water quality",14678,54
298,Fuentesstad,53022,"Engineer, mining",10161,52
299,Murraymouth,71264,Cabin crew,10159,58
300,Jessicachester,05726,Technical author,13759,28
301,Travisport,36308,Building services engineer,9212,30
302,North Heatherton,18740,Multimedia programmer,10632,58
303,Barbaraberg,18963,Market researcher,10572,27
304,Fuentesstad,87362,Hotel manager,8009,53
305,North Heatherton,49442,Animal technologist,6924,57
306,Port Susanhaven,98607,Press sub,11462,33
307,Kimberlyberg,76927,"Horticulturist, commercial",10164,48
308,Lake Kristenville,49772,Nature conservation officer,10159,30
309,Lake Sarahton,89335,Counselling psychologist,7323,45
310,New Jessicaview,26438,Tree surgeon,11462,39
311,Lawsonview,91207,Housing manager/officer,8842,56
312,Donaldside,39829,Cabin crew,7430,58
313,East Courtney,13563,Food technologist,8842,59
314,Meganfurt,47891,"Scientist, clinical (histocompatibility and immunogenetics)",13630,51
315,South Craigview,70998,Market researcher,12851,38
316,Lauraside,40233,Cabin crew,8591,30
317,Robertsside,14965,Hotel manager,10614,31
318,North Heatherton,34549,Learning mentor,8603,43
319,Donaldside,37391,Learning mentor,11423,47
320,Port Steven,51440,"Chemist, analytical",10143,54
321,Lake Brettfort,53651,Chief Technology Officer,7521,59
322,Hughesmouth,21483,Building surveyor,9439,52
323,Frostchester,93043,Art therapist,7332,56
324,North Jennifer,68084,Insurance account manager,10611,55
325,Stephanietown,78962,Learning mentor,10171,49
326,East Dwayne,42726,Hotel manager,10903,21
327,Kevintown,92544,Health and safety inspector,10584,50
328,North Vickie,30965,Research scientist (medical),13619,53
329,Danstad,10586,Health promotion specialist,8364,58
330,New Jessicaview,27236,Food technologist,9194,46
331,West Laurenhaven,08049,Food technologist,8842,34
332,Lawsonview,79005,Water quality scientist,11433,33
333,Jessicachester,26588,Training and development officer,14235,2
334,Lake Lauramouth,35613,Training and development officer,13658,60
335,Meganfurt,94567,"Administrator, charities/voluntary organisations",7277,59
336,Phillipfort,84089,Applications developer,7228,8
337,Hughesmouth,62033,Mental health nurse,8812,21
338,South Kimberlychester,03757,"Psychotherapist, child",9206,60
339,New Jenniferbury,10114,Press sub,9203,60
340,Tranhaven,39788,"Engineer, technical sales",10831,54
341,Lawsonview,82694,"Conservation officer, nature",7349,60
342,Port Desiree,87830,"Engineer, petroleum",7539,56
343,Port Desiree,08509,Technical author,9543,34
344,Lake Kristenville,49772,"Conservation officer, nature",9091,56
345,North Richardfurt,11678,Medical illustrator,10134,11
346,East Kimberly,90568,"Horticulturist, commercial",7472,57
347,Karenbury,56952,Radio broadcast assistant,11433,56
348,Meganfurt,72562,Medical illustrator,9391,55
349,Flemingland,95112,Counselling psychologist,7225,31
350,Port Desiree,24982,"Horticulturist, commercial",8842,55
351,South Craigview,04076,Horticultural therapist,9573,57
352,Lake Janice,99543,Art therapist,7319,47
353,Kevintown,89184,Applications developer,9094,10
354,Port Rodneyton,54679,"Engineer, technical sales",9570,51
355,East Kimberly,15531,"Engineer, land",10161,57
356,Jeffburgh,88989,Fashion designer,9049,59
357,South Craigview,42110,Learning mentor,9146,46
358,Ingramhaven,09589,Technical author,12863,56
359,North Richardfurt,10366,Psychiatric nurse,9433,35
360,Kevintown,26549,Insurance account manager,11350,51
361,East Christopher,12940,Medical illustrator,11993,54
362,Frostchester,93043,"Conservation officer, nature",7287,41
363,Karenbury,56952,Careers information officer,8352,59
364,Juanland,11086,Insurance account manager,11350,22
365,New Jessicaview,77138,"Scientist, clinical (histocompatibility and immunogenetics)",10798,35
366,South Jeffery,16119,"Conservation officer, nature",8633,20
367,North Jennifer,29620,Applications developer,9197,58
368,North Christinahaven,44265,"Engineer, maintenance",7539,47
369,North Jennifer,54254,Horticultural therapist,9421,46
370,West Edwardberg,85388,Building services engineer,9439,59
371,Hughesmouth,01160,Hotel manager,8394,58
372,Juanland,61803,Market researcher,13607,48
373,North Heatherton,54226,Learning mentor,11423,33
374,Danstad,11181,Learning mentor,11993,37
375,New Jessicaview,80297,Games developer,8352,58
376,Tranhaven,39788,Horticultural therapist,7542,26
377,Port Ryanside,46511,"Conservation officer, nature",10201,54
378,Ryanburgh,56526,Water quality scientist,11328,9
379,Oliviashire,58831,Health and safety inspector,9061,56
380,Port Steven,13992,"Horticulturist, commercial",9573,25
381,Meganfurt,21618,Hydrogeologist,8769,54
382,Kevintown,37111,Technical author,11423,46
383,West Robertchester,61860,Training and development officer,14235,58
384,North Heatherton,54226,"Engineer, mining",7320,60
385,Fuentesstad,88048,Location manager,9421,44
386,Kevintown,26549,Charity officer,9552,11
387,Kevintown,06003,Building services engineer,7367,14
388,Meganfurt,16863,Press sub,10210,43
389,New Tiffany,72010,Exhibition designer,9203,56
390,New Tiffany,82155,Naval architect,10861,37
391,Port Steven,51440,Research scientist (medical),12863,58
392,Baileyfurt,16916,Hotel manager,9194,60
393,Port Ryanside,11165,Cabin crew,9531,54
394,North Jonathan,52143,"Conservation officer, nature",8633,32
395,East Juan,05990,Games developer,8800,47
396,New Jessicaview,77138,Estate agent,9206,46
397,West Laurenhaven,32737,"Horticulturist, commercial",9298,60
398,Meganfurt,94567,Games developer,9531,43
399,East Matthew,22238,Learning mentor,9543,14
400,South Jamesville,89338,Higher education careers adviser,10596,57
401,Stephanietown,57667,Water quality scientist,15364,46
402,Karenbury,44695,Building services engineer,9194,42
403,South Jamesville,37286,"Engineer, maintenance",8736,42
404,Lake Lauramouth,88846,Learning mentor,9543,55
405,Kevintown,37111,Medical illustrator,9164,54
406,Fuentesstad,38744,Games developer,11311,16
407,Juanland,45624,Chief Technology Officer,10180,52
408,East Kimberly,15531,"Scientist, water quality",13613,55
409,Barbaraberg,81202,Building services engineer,9212,56
410,New Jessicaview,54207,"Scientist, water quality",10128,26
411,West Edwardberg,34045,Hotel manager,8842,19
412,New Elizabeth,31832,Location manager,10614,60
413,West Heidi,55053,Nutritional therapist,12911,56
414,Annaland,39049,Technical author,10171,28
415,East Derekborough,73536,"Psychotherapist, child",13832,59
416,North Jennifer,68084,"Horticulturist, commercial",9091,48
417,Hughesmouth,25035,Hotel manager,8842,4
418,North Heatherton,91294,Graphic designer,8642,50
419,New Austin,76016,"Horticulturist, commercial",9194,32
420,Kevintown,89184,Hotel manager,9194,38
421,Ramosville,23154,Food technologist,7349,53
422,Lopezland,62092,Freight forwarder,10912,50
423,Karenbury,74854,Water quality scientist,11311,52
424,Jeffburgh,71954,Banker,10122,46
425,North Jennifer,68296,Market researcher,9531,46
426,Port Ryanside,57088,Food technologist,7472,46
427,New Jeffreyhaven,37894,Games developer,9256,35
428,Lake Lauramouth,30266,"Horticulturist, commercial",10614,59
429,Coxhaven,82848,Games developer,11311,16
430,Annaland,68942,Games developer,7307,56
431,East Brittneyhaven,67548,"Scientist, clinical (histocompatibility and immunogenetics)",11317,57
432,Jaymouth,51488,Training and development officer,14793,40
433,Rosehaven,85029,Technical author,10873,50
434,Ramosville,23154,Broadcast engineer,8642,56
435,Meganfurt,58963,Clothing/textile technologist,9082,51
436,North Richardfurt,63186,Hotel manager,7472,52
437,Feliciaton,01440,Psychiatric nurse,11365,44
438,Donaldside,97598,Hotel manager,9091,35
439,New Austin,06308,Translator,12902,9
440,Port Robertmouth,84677,Location manager,8633,58
441,Meganfurt,64547,"Engineer, petroleum",7469,15
442,Xaviertown,66995,"Psychologist, counselling",10846,51
443,Coxhaven,99218,Food technologist,8739,55
444,North Heatherton,14103,"Engineer, mining",9418,35
445,North Jennifer,68296,"Scientist, clinical (histocompatibility and immunogenetics)",10165,37
446,East Christopher,08859,Building services engineer,7490,60
447,Travisport,87839,Location manager,10903,52
448,Crystalshire,67729,Television production assistant,13759,54
449,Port Steven,60122,Water quality scientist,12851,16
450,North Richardfurt,24707,Food technologist,10201,54
451,North Heatherton,49442,Chief Technology Officer,9155,49
452,Kimberlyberg,99506,Learning mentor,10584,53
453,Phillipfort,78593,"Scientist, forensic",13784,23
454,New Austin,51897,Psychiatric nurse,9206,4
455,Coxhaven,83037,"Scientist, water quality",12857,19
456,West Laurenhaven,80730,Cabin crew,7183,45
457,Jessicachester,40360,Charity officer,8718,56
458,South Brittany,07823,Research scientist (medical),9268,58
459,Port Ryanside,10299,"Engineer, mining",8736,43
460,Meganfurt,95293,Editorial assistant,7976,56
461,New Jessicaview,98628,Land,8697,56
462,North Heatherton,21404,Hotel manager,10834,27
463,Rosehaven,76376,Radio broadcast assistant,11411,40
464,Hughesmouth,05982,Technical author,11445,21
465,Port Robertmouth,77812,Tourism officer,12893,59
466,Barbaraberg,61529,"Administrator, charities/voluntary organisations",7290,58
467,Collinshaven,62939,Translator,15014,35
468,North Michaelfort,32657,Games developer,7967,32
469,North Jennifer,68084,Housing manager/officer,7542,58
470,Meganfurt,37731,Games developer,10159,22
471,North Jonathan,60969,"Surveyor, quantity",10219,52
472,Lawsonview,85264,Learning mentor,11323,11
473,North Jennifer,29620,Tree surgeon,13829,55
474,North Jennifer,89223,"Horticulturist, commercial",8633,50
475,Ryanburgh,35605,Comptroller,10201,57
476,East Ryanmouth,24430,Insurance account manager,10831,56
477,North Regina,67437,Naval architect,10572,44
478,West Heidi,16711,"Horticulturist, commercial",10903,53
479,Meganfurt,47891,Chemical engineer,7204,43
480,North Jennifer,05932,"Scientist, water quality",13630,54
481,Collinshaven,74482,Translator,10173,57
482,Ingramhaven,17923,"Chemist, analytical",8821,59
483,Rosehaven,96085,"Chemist, analytical",8612,46
484,Phillipfort,84089,Games developer,8697,57
485,North Heatherton,53297,Research scientist (medical),14684,55
486,North Michaelfort,68347,Nutritional therapist,12041,46
487,Rosehaven,82428,Banker,8591,48
488,North Jennifer,05932,Charity officer,7451,57
489,Rosehaven,96085,General practice doctor,8812,40
490,Meganfurt,64547,Health and safety inspector,9543,18
491,Ericahaven,56010,Hotel manager,8633,54
492,Port Steven,51440,"Engineer, mining",7539,49
493,Rosehaven,37937,Nature conservation officer,11328,41
494,Gomezport,13207,Counselling psychologist,7225,26
495,Rhondaside,44209,"Conservation officer, nature",9298,53
496,Karenbury,25468,Games developer,10861,44
497,Port Cindy,05820,Ship broker,14693,23
498,Jeffburgh,58900,"Engineer, mining",9295,9
499,Donaldside,39829,Land,11981,41
500,Jessicachester,30749,Records manager,13619,60
501,East Derekborough,23120,Food technologist,10614,49
502,North Willie,55046,General practice doctor,10171,49
503,South Rogershire,89899,Fish farm manager,7454,50
504,Youngport,59891,"Accountant, chartered certified",8597,50
505,Frostchester,93043,"Engineer, mining",9295,27
506,East Matthew,29087,Arts development officer,8851,54
507,South Jamesville,89338,Fish farm manager,8824,59
508,East Kennethview,50869,Hotel manager,9176,52
509,West Edwardberg,34490,"Engineer, petroleum",7320,50
510,New Jessicaview,27236,Nutritional therapist,12041,49
511,Howardhaven,43178,Hotel manager,7472,43
512,Frostchester,89018,Hotel manager,8739,53
513,South Jacobborough,26020,"Engineer, mining",9088,49
514,Karenbury,80101,Hotel manager,8739,54
515,North Willie,33748,Nature conservation officer,9049,48
516,Donaldside,98402,Comptroller,9194,57
517,New Austin,31667,Medical illustrator,11423,46
518,Fuentesstad,14572,Graphic designer,10843,59
519,New Austin,76016,Chemical engineer,8718,59
520,Phillipfort,64918,Water quality scientist,11433,54
521,South Jamesville,89338,Charity officer,10143,51
522,Lake Lauramouth,35613,Hotel manager,10903,45
523,North Christinahaven,47622,Tree surgeon,10843,43
524,South Susanport,08641,Press sub,13829,59
525,Meganfurt,21618,Learning mentor,9164,11
526,Lake Kristenville,35525,"Horticulturist, commercial",9091,46
527,West Laurenhaven,49931,Hotel manager,10164,33
528,New Austin,59551,Translator,10843,57
529,New Jenniferbury,10114,"Engineer, petroleum",7539,56
530,North Willie,63858,"Chemist, analytical",9277,60
531,Meganfurt,93903,Charity officer,8612,54
532,Lake Kristenville,73122,Medical illustrator,12863,21
533,Port Steven,13992,"Scientist, clinical (histocompatibility and immunogenetics)",13630,38
534,Collinshaven,52605,"Conservation officer, nature",8394,51
535,Baileyfurt,06002,Graphic designer,11362,54
536,Robertsside,30093,Fish farm manager,10885,58
537,Port Desiree,70217,Water quality scientist,13778,33
538,North Willie,34660,Counselling psychologist,8394,47
539,Kimberlyberg,93202,Radio broadcast assistant,14672,32
540,Donaldside,98402,Games developer,10159,54
541,North Richardfurt,48451,Ship broker,12002,50
542,Port Rodneyton,73948,Art therapist,7234,54
543,Ingramhaven,09589,"Engineer, petroleum",10831,52
544,East Derekborough,64408,Learning mentor,11423,30
545,Tranhaven,07709,"Scientist, water quality",10867,60
546,North Heatherton,18740,"Engineer, mining",8391,60
547,Juanland,17500,Land,11433,50
548,East Kennethview,27521,Training and development officer,14235,59
549,Port Gina,09072,Hotel manager,8009,37
550,Rosehaven,96085,"Psychotherapist, child",10915,53
551,Aguirretown,90801,Soil scientist,14784,33
552,Travisport,36308,Radio broadcast assistant,11433,56
553,Ericbury,40369,Naval architect,11328,58
554,Lawsonview,82694,Comptroller,9091,39
555,East Kennethview,50869,"Accountant, chartered certified",7436,59
556,Ryanburgh,56526,Comptroller,10164,56
557,Meganfurt,95293,Music therapist,10852,5
558,North Richardfurt,20197,Graphic designer,10173,43
559,Ryanburgh,34561,Press sub,13798,33
560,West Edwardberg,69447,"Psychotherapist, child",9585,8
561,South Craigview,09742,"Engineer, land",10161,52
562,South Kimberlychester,52847,Games developer,8591,32
563,Coxhaven,61037,Games developer,9049,52
564,South Craigview,23329,"Administrator, charities/voluntary organisations",8809,60
565,East Derekborough,48641,Health promotion specialist,7512,26
566,Frostchester,93043,Banker,8591,26
567,Ericahaven,62817,Exhibition designer,10641,57
568,Barbaraberg,18963,Estate agent,10626,37
569,Ericbury,53867,"Administrator, charities/voluntary organisations",7277,54
570,Port Steven,22607,Diagnostic radiographer,9280,59
571,Kevintown,26549,Fashion designer,10861,55
572,New Jessicaview,12007,Press sub,10210,24
573,Ericahaven,30673,Company secretary,8009,58
574,South Craigview,70998,Hotel manager,11370,46
575,Rosehaven,27460,Land,9049,52
576,North Heatherton,85959,"Psychotherapist, child",13678,55
577,Coxhaven,78291,Comptroller,9091,17
578,Crystalshire,76320,Food technologist,8009,48
579,South Jeffery,17208,"Scientist, water quality",11417,59
580,East Matthew,18918,Research scientist (medical),9391,47
581,Coxhaven,52940,Land,9379,19
582,Crystalshire,85899,Location manager,8739,58
583,North Willie,07690,Games developer,9049,18
584,New Jessicaview,07831,"Engineer, technical sales",10198,60
585,Rosehaven,74557,Building services engineer,8412,20
586,West Edwardberg,71262,"Programme researcher, broadcasting/film/video",11484,54
587,Romeroside,54581,Editorial assistant,7509,10
588,Meganfurt,64547,Food technologist,9091,31
589,Fuentesstad,53022,Counselling psychologist,9573,21
590,Youngport,47114,Building surveyor,9194,58
591,New Jessicaview,61577,Learning mentor,12863,42
592,South Rogershire,31265,Multimedia programmer,9591,35
593,North Heatherton,08011,"Conservation officer, nature",7225,58
594,Kevintown,49558,"Conservation officer, nature",9091,43
595,Barbaraberg,69106,"Administrator, charities/voluntary organisations",9388,57
596,North Richardfurt,20197,Market researcher,9256,51
597,Rosehaven,37937,"Engineer, mining",10161,21
598,East Dwayne,33636,Careers information officer,7430,57
599,Kevintown,06003,"Horticulturist, commercial",9176,49
600,West Stephanie,74086,Exhibition designer,10228,5
601,Crystalshire,18454,Comptroller,7542,7
602,North Jennifer,42430,Higher education careers adviser,11335,52
603,Ericahaven,50791,Fashion designer,7500,41
604,East Matthew,45159,Estate agent,8645,47
605,East Scottmouth,58074,"Engineer, mining",10198,58
606,South Jamesville,37286,Systems developer,9451,49
607,North Michaelfort,08590,Training and development officer,10843,48
608,Hernandezport,10175,Games developer,8800,36
609,New Jessicaview,07831,Games developer,7500,58
610,North Hannahstad,34524,Graphic designer,11362,59
